{
    "questions":[{
    "question_text":"what is the sound you heard?",
    "question_image":"https://media.edutechnoz.com/apps/forms-ta2.png",
    "question_audio":"https://media.edutechnoz.com/apps/fx/correct-0.mp3",
    "explanation":"the correct answer is wo.",
    "options":
    [
      {
        "text": "waw",
        "correct": 0
      },
      {
        "text": "meem",
        "correct": 0
      },
      {
        "text": "wo",
        "correct": 1
      }
    ]},
  {
    "question_text":"what is second sound you heard?",
    "question_image":"https://media.edutechnoz.com/apps/forms-ta2.png",
    "question_audio":"https://media.edutechnoz.com/apps/fx/correct-0.mp3",
    "explanation":"the correct answer is wo.",
    "options":
    [
      {
        "text": "waw",
        "correct": 0
      },
      {
        "text": "meem",
        "correct": 0
      },
      {
        "text": "wqwe",
        "correct": 1
      }
    ]},
  {
    "question_text":"what is the third sound you heard?",
    "question_image":"https://media.edutechnoz.com/apps/forms-ta2.png",
    "question_audio":"https://media.edutechnoz.com/apps/fx/correct-0.mp3",
    "explanation":"the correct answer is wo.",
    "options":
    [
      {
        "text": "wqwaw",
        "correct": 0
      },
      {
        "text": "mqwem",
        "correct": 0
      },
      {
        "text": "OK",
        "correct": 0
      }
    ]}]
  }