{
    "question_text":"which letters connect with each other?",
    "question_image":"NULL",
    "question_audio":"NULL",
    "options":
    [
      {
        "matchAtext":"NULL",
        "matchAimage":"https://media.edutechnoz.com/apps/forms-ta2.png",
        "matchAaudio":"NULL",
        "matchBtext":"NULL",
        "matchBimage":"https://media.edutechnoz.com/apps/forms-3ayn.png",
        "matchBaudio":"NULL",
        "explanation":"taa and ayn connect together"
      },
      {
        "matchAtext":"NULL",
        "matchAimage":"https://media.edutechnoz.com/apps/forms-dal.png",
        "matchAaudio":"NULL",
        "matchBtext":"NULL",
        "matchBimage":"https://media.edutechnoz.com/apps/forms-ta2.png",
        "matchBaudio":"NULL",
        "explanation": "dal and taa connect together"
      },
      {
        "matchAtext":"NULL",
        "matchAimage":"https://media.edutechnoz.com/apps/forms-dal.png",
        "matchAaudio":"NULL",
        "matchBtext":"NULL",
        "matchBimage":"https://media.edutechnoz.com/apps/forms-ta2.png",
        "matchBaudio":"NULL",
        "explanation": "dal and taa connect together"
      },
      {
        "matchAtext":"NULL",
        "matchAimage":"https://media.edutechnoz.com/apps/forms-dal.png",
        "matchAaudio":"NULL",
        "matchBtext":"NULL",
        "matchBimage":"https://media.edutechnoz.com/apps/forms-ta2.png",
        "matchBaudio":"NULL",
        "explanation": "dal and taa connect together"
      },
      {
        "matchAtext":"NULL",
        "matchAimage":"https://media.edutechnoz.com/apps/forms-dal.png",
        "matchAaudio":"NULL",
        "matchBtext":"NULL",
        "matchBimage":"https://media.edutechnoz.com/apps/forms-ta2.png",
        "matchBaudio":"NULL",
        "explanation": "dal and taa connect together"
      }
    ]
  }